date,initial,normal,transfer,transferToPublic,removeBaker,addBaker,encryptedAmountTransfer,transferWithSchedule,transferToEncrypted,credentialDeploymentTransaction,accountTransaction,updateCredentials,deployModule,initContract,update,updateMicroGTUPerEuro,updatePoolParameters,updateTransaction,registerData,updateProtocol,transferWithMemo,updateBakerStake,updateAddIdentityProvider,updateBakerKeys,updateBakerRestakeEarnings,transferWithScheduleAndMemo,updateLevel2Keys,encryptedAmountTransferWithMemo,Unnamed: 29,updateLevel1Keys,configureDelegation,configureBaker,Unnamed: 33
2021-06-09,92.0,16.0,15.0,3.0,2.0,2.0,2.0,1.0,1.0,108.0,26.0,,,,,,,,,,,,,,,,,,,,,,
2021-06-10,171.0,27.0,,,,,,,,198.0,,,,,,,,,,,,,,,,,,,,,,,
2021-06-11,85.0,13.0,,,,,,,,98.0,,,,,,,,,,,,,,,,,,,,,,,
2021-06-12,43.0,9.0,,,,,,,,52.0,,,,,,,,,,,,,,,,,,,,,,,
2021-06-13,24.0,12.0,,,,,,,,36.0,,,,,,,,,,,,,,,,,,,,,,,
2021-06-14,29.0,3.0,,,,,,,,32.0,,,,,,,,,,,,,,,,,,,,,,,
2021-06-15,22.0,3.0,,,,,,,,25.0,,,,,,,,,,,,,,,,,,,,,,,
2021-06-16,26.0,1.0,,,,,,,,27.0,,,,,,,,,,,,,,,,,,,,,,,
2021-06-17,11.0,2.0,2.0,,,,,,,13.0,2.0,,,,,,,,,,,,,,,,,,,,,,
2021-06-18,38.0,8.0,,,,,,,,46.0,,,,,,,,,,,,,,,,,,,,,,,
2021-06-19,35.0,7.0,,,,,,,,42.0,,,,,,,,,,,,,,,,,,,,,,,
2021-06-20,31.0,6.0,,,,,,,,37.0,,,,,,,,,,,,,,,,,,,,,,,
2021-06-21,26.0,8.0,,,,,,,,34.0,,,,,,,,,,,,,,,,,,,,,,,
2021-06-22,39.0,6.0,,,,,,,,45.0,,,,,,,,,,,,,,,,,,,,,,,
2021-06-23,54.0,7.0,,,,,,,,61.0,,,,,,,,,,,,,,,,,,,,,,,
2021-06-24,45.0,12.0,,,,,,,,57.0,,,,,,,,,,,,,,,,,,,,,,,
2021-06-25,27.0,4.0,,,,,,,,31.0,,,,,,,,,,,,,,,,,,,,,,,
2021-06-26,25.0,7.0,,,,,,,,32.0,,,,,,,,,,,,,,,,,,,,,,,
2021-06-27,27.0,3.0,,,,,,,,30.0,,,,,,,,,,,,,,,,,,,,,,,
2021-06-28,29.0,7.0,,,,,,,,36.0,,,,,,,,,,,,,,,,,,,,,,,
2021-06-29,35.0,1.0,,,,,,,,36.0,,,,,,,,,,,,,,,,,,,,,,,
2021-06-30,35.0,1.0,,,,,,,,36.0,,,,,,,,,,,,,,,,,,,,,,,
2021-07-01,45.0,5.0,,,,,,,,50.0,,,,,,,,,,,,,,,,,,,,,,,
2021-07-02,31.0,4.0,,,,,,,,35.0,,,,,,,,,,,,,,,,,,,,,,,
2021-07-03,26.0,2.0,,,,,,,,28.0,,,,,,,,,,,,,,,,,,,,,,,
2021-07-04,31.0,2.0,,,,,,,,33.0,,,,,,,,,,,,,,,,,,,,,,,
2021-07-05,48.0,3.0,2.0,,,,,,,51.0,2.0,,,,,,,,,,,,,,,,,,,,,,
2021-07-06,40.0,4.0,2.0,,,,,,,44.0,2.0,,,,,,,,,,,,,,,,,,,,,,
2021-07-07,50.0,2.0,2.0,,,,,6.0,,52.0,9.0,1.0,,,,,,,,,,,,,,,,,,,,,
2021-07-08,41.0,2.0,9.0,,,,,,,43.0,10.0,1.0,,,,,,,,,,,,,,,,,,,,,
2021-07-09,43.0,4.0,2.0,,,,,,,47.0,4.0,2.0,,,,,,,,,,,,,,,,,,,,,
2021-07-10,15.0,,,,,,,,,15.0,,,,,,,,,,,,,,,,,,,,,,,
2021-07-11,4.0,1.0,,,,,,,,5.0,,,,,,,,,,,,,,,,,,,,,,,
2021-07-12,7.0,3.0,,,,,,,,10.0,,,,,,,,,,,,,,,,,,,,,,,
2021-07-13,10.0,4.0,,,,,,,,14.0,,,,,,,,,,,,,,,,,,,,,,,
2021-07-14,18.0,,,,,,,,,18.0,,,,,,,,,,,,,,,,,,,,,,,
2021-07-15,5.0,1.0,,,,,,,,6.0,,,,,,,,,,,,,,,,,,,,,,,
2021-07-16,12.0,2.0,8.0,,,,,,,14.0,8.0,,,,,,,,,,,,,,,,,,,,,,
2021-07-17,4.0,,,,,,,,,4.0,,,,,,,,,,,,,,,,,,,,,,,
2021-07-18,3.0,1.0,,,,,,,,4.0,,,,,,,,,,,,,,,,,,,,,,,
2021-07-19,12.0,2.0,1.0,,,,,,,14.0,1.0,,,,,,,,,,,,,,,,,,,,,,
2021-07-20,13.0,2.0,,,,,,,,15.0,,,,,,,,,,,,,,,,,,,,,,,
2021-07-21,18.0,5.0,,,,,,,,23.0,,,,,,,,,,,,,,,,,,,,,,,
2021-07-22,12.0,2.0,,,,,,,,14.0,,,,,,,,,,,,,,,,,,,,,,,
2021-07-23,8.0,2.0,,,,,,,,10.0,,,,,,,,,,,,,,,,,,,,,,,
2021-07-24,6.0,2.0,,,,,,,,8.0,,,,,,,,,,,,,,,,,,,,,,,
2021-07-25,6.0,1.0,,,,,,,,7.0,,,,,,,,,,,,,,,,,,,,,,,
2021-07-26,12.0,,,,,,,,,12.0,,,,,,,,,,,,,,,,,,,,,,,
2021-07-27,8.0,,,,,,,,,8.0,,,,,,,,,,,,,,,,,,,,,,,
2021-07-28,5.0,1.0,,,,,,,,6.0,,,,,,,,,,,,,,,,,,,,,,,
2021-07-29,10.0,1.0,,,,,,,,11.0,,,,,,,,,,,,,,,,,,,,,,,
2021-07-30,7.0,,,,,,,,,7.0,,,,,,,,,,,,,,,,,,,,,,,
2021-07-31,1.0,1.0,,,,,,,,2.0,,,,,,,,,,,,,,,,,,,,,,,
2021-08-01,5.0,1.0,,,,,,,,6.0,,,,,,,,,,,,,,,,,,,,,,,
2021-08-02,7.0,,2.0,,,,,,,7.0,2.0,,,,,,,,,,,,,,,,,,,,,,
2021-08-03,7.0,1.0,1.0,,,,,,,8.0,1.0,,,,,,,,,,,,,,,,,,,,,,
2021-08-04,6.0,1.0,,,,,,,,7.0,,,,,,,,,,,,,,,,,,,,,,,
2021-08-05,5.0,,,,,,,,,5.0,,,,,,,,,,,,,,,,,,,,,,,
2021-08-06,7.0,2.0,,,,,,,,9.0,,,,,,,,,,,,,,,,,,,,,,,
2021-08-07,4.0,,,,,,,,,4.0,,,,,,,,,,,,,,,,,,,,,,,
2021-08-08,8.0,,,,,,,,,8.0,,,,,,,,,,,,,,,,,,,,,,,
2021-08-09,6.0,4.0,,,,,,,,10.0,,,,,,,,,,,,,,,,,,,,,,,
2021-08-10,3.0,,,,,,,,,3.0,,,,,,,,,,,,,,,,,,,,,,,
2021-08-11,7.0,,,,,,,,,7.0,,,,,,,,,,,,,,,,,,,,,,,
2021-08-12,8.0,,1.0,,,,,,,8.0,1.0,,,,,,,,,,,,,,,,,,,,,,
2021-08-13,,,,,,,,,,,,,,,,,,,,,,,,,,,,,,,,,
2021-08-14,3.0,,,,,,,,,3.0,,,,,,,,,,,,,,,,,,,,,,,
2021-08-15,1.0,1.0,,,,,,,,2.0,,,,,,,,,,,,,,,,,,,,,,,
2021-08-16,2.0,,,,,1.0,,,,2.0,1.0,,,,,,,,,,,,,,,,,,,,,,
2021-08-17,3.0,,1.0,,,,,,,3.0,1.0,,,,,,,,,,,,,,,,,,,,,,
2021-08-18,4.0,3.0,2.0,,,,,,,7.0,2.0,,,,,,,,,,,,,,,,,,,,,,
2021-08-19,2.0,,,,,,,,,2.0,,,,,,,,,,,,,,,,,,,,,,,
2021-08-20,11.0,2.0,,,,,,,,13.0,,,,,,,,,,,,,,,,,,,,,,,
2021-08-21,2.0,,,,,,,,,2.0,,,,,,,,,,,,,,,,,,,,,,,
2021-08-22,2.0,,,,,,,,,2.0,,,,,,,,,,,,,,,,,,,,,,,
2021-08-23,4.0,,,,,,,,,4.0,,,,,,,,,,,,,,,,,,,,,,,
2021-08-24,3.0,,,,,,,,,3.0,,,,,,,,,,,,,,,,,,,,,,,
2021-08-25,1.0,1.0,,,,,,,,2.0,,,,,,,,,,,,,,,,,,,,,,,
2021-08-26,3.0,1.0,,,,,,,,4.0,,,,,,,,,,,,,,,,,,,,,,,
2021-08-27,2.0,,,,,,,,,2.0,,,,,,,,,,,,,,,,,,,,,,,
2021-08-28,4.0,,,,,,,,,4.0,,,,,,,,,,,,,,,,,,,,,,,
2021-08-29,6.0,,,,,,,,,6.0,,,,,,,,,,,,,,,,,,,,,,,
2021-08-30,6.0,,,,,,,,,6.0,,,,,,,,,,,,,,,,,,,,,,,
2021-08-31,2.0,1.0,1.0,,,,,,,3.0,3.0,2.0,,,,,,,,,,,,,,,,,,,,,
2021-09-01,4.0,,,,,,,,,4.0,,,,,,,,,,,,,,,,,,,,,,,
2021-09-02,2.0,,3.0,,,,,,,2.0,3.0,,,,,,,,,,,,,,,,,,,,,,
2021-09-03,1.0,,,,,,,,,1.0,,,,,,,,,,,,,,,,,,,,,,,
2021-09-04,3.0,1.0,,,,,,,,4.0,,,,,,,,,,,,,,,,,,,,,,,
2021-09-05,1.0,,,,,,,,,1.0,,,,,,,,,,,,,,,,,,,,,,,
2021-09-06,4.0,,,,,,,,,4.0,2.0,,1.0,1.0,,,,,,,,,,,,,,,,,,,
2021-09-07,9.0,2.0,2.0,,,1.0,,,,11.0,4.0,,,,1.0,,,,,,,,,,,,,,,,,,
2021-09-08,6.0,7.0,9.0,,,1.0,,,,13.0,18.0,5.0,,,3.0,,,,,,,,,,,,,,,,,,
2021-09-09,2.0,,,,,,,,,2.0,,,,,,,,,,,,,,,,,,,,,,,
2021-09-10,4.0,,1.0,,,,,,,4.0,1.0,,,,,,,,,,,,,,,,,,,,,,
2021-09-11,1.0,,,,,,,,,1.0,,,,,,,,,,,,,,,,,,,,,,,
2021-09-12,3.0,,,,,,,,,3.0,1.0,,,,1.0,,,,,,,,,,,,,,,,,,
2021-09-13,2.0,,,,,,,,,2.0,,,,,,,,,,,,,,,,,,,,,,,
2021-09-14,6.0,,,,,,,,,6.0,,,,,,,,,,,,,,,,,,,,,,,
2021-09-15,2.0,,,,,,,,,2.0,,,,,,,,,,,,,,,,,,,,,,,
2021-09-16,5.0,,1.0,,,,,,,5.0,1.0,,,,,,,,,,,,,,,,,,,,,,
2021-09-17,2.0,,,,,,,,,2.0,,,,,,1.0,1.0,2.0,,,,,,,,,,,,,,,
2021-09-18,1.0,,,,,,,,,1.0,,,,,,,,,,,,,,,,,,,,,,,
2021-09-19,2.0,,,,,,,,,2.0,,,,,,,,,,,,,,,,,,,,,,,
2021-09-20,2.0,,,,,,,,,2.0,2.0,,,,1.0,,,,1.0,,,,,,,,,,,,,,
2021-09-21,1.0,,1.0,,,,,,,1.0,1.0,,,,,,,,,,,,,,,,,,,,,,
2021-09-22,1.0,,,,,,,,,1.0,,,,,,,,,,,,,,,,,,,,,,,
2021-09-23,2.0,,,,,,,,,2.0,,,,,,,,,,,,,,,,,,,,,,,
2021-09-24,2.0,,,,,,,,,2.0,,,,,,,,,,,,,,,,,,,,,,,
2021-09-25,2.0,,,,,,,,,2.0,,,,,,,,,,,,,,,,,,,,,,,
2021-09-26,2.0,,,,,,,,,2.0,,,,,,,,,,,,,,,,,,,,,,,
2021-09-27,3.0,,,,,,,,,3.0,,,,,,,,,,,,,,,,,,,,,,,
2021-09-28,2.0,2.0,,,,,,,,4.0,,,,,,,,,,,,,,,,,,,,,,,
2021-09-29,5.0,1.0,,,,,,,,6.0,,,,,,,,,,,,,,,,,,,,,,,
2021-09-30,2.0,,,,,,,,,2.0,,,,,,,,,,,,,,,,,,,,,,,
2021-10-01,2.0,,,,,,,,,2.0,,,,,,,,,,,,,,,,,,,,,,,
2021-10-02,2.0,1.0,,,,,,,,3.0,,,,,,,,,,,,,,,,,,,,,,,
2021-10-03,2.0,1.0,,,,,,,,3.0,,,,,,,,,,,,,,,,,,,,,,,
2021-10-04,1.0,1.0,,,,,,,,2.0,,,,,,,,,,,,,,,,,,,,,,,
2021-10-05,4.0,,,,,,,,,4.0,,,,,,,,,,,,,,,,,,,,,,,
2021-10-06,8.0,,,,,,,,,8.0,,,,,,,,,,,,,,,,,,,,,,,
2021-10-07,10.0,1.0,8.0,,,,,,,11.0,8.0,,,,,,,,,,,,,,,,,,,,,,
2021-10-08,8.0,1.0,,,,,,,,9.0,1.0,,,,,,,1.0,1.0,1.0,,,,,,,,,,,,,
2021-10-09,5.0,2.0,,,,,,,,7.0,,,,,,,,,,,,,,,,,,,,,,,
2021-10-10,3.0,,,,,,,,,3.0,,,,,,,,,,,,,,,,,,,,,,,
2021-10-11,6.0,,,,,,,,,6.0,,,,,,,,,,,,,,,,,,,,,,,
2021-10-12,6.0,,,,,,,,,6.0,,,,,,,,,,,,,,,,,,,,,,,
2021-10-13,1.0,,,,,,,,,1.0,,,,,,,,,,,,,,,,,,,,,,,
2021-10-14,1.0,,,,,,,,,1.0,,,,,,,,,,,,,,,,,,,,,,,
2021-10-15,5.0,1.0,2.0,,,,,,,6.0,2.0,,,,,,,,,,,,,,,,,,,,,,
2021-10-16,2.0,1.0,,,,,,,,3.0,,,,,,,,,,,,,,,,,,,,,,,
2021-10-17,1.0,,,,,,,,,1.0,,,,,,,,,,,,,,,,,,,,,,,
2021-10-18,2.0,1.0,,,,,,,,3.0,,,,,,,,,,,,,,,,,,,,,,,
2021-10-19,2.0,6.0,,,,,,,,8.0,,,,,,,,,,,,,,,,,,,,,,,
2021-10-20,6.0,,2.0,,,,,,,6.0,2.0,,,,,,,,,,,,,,,,,,,,,,
2021-10-21,4.0,,,,,,,,,4.0,1.0,1.0,,,,,,,,,,,,,,,,,,,,,
2021-10-22,6.0,,1.0,,,,,,,6.0,1.0,,,,,,,,,,,,,,,,,,,,,,
2021-10-23,2.0,,,,,,,,,2.0,,,,,,,,,,,,,,,,,,,,,,,
2021-10-24,3.0,,,,,,,,,3.0,,,,,,,,,,,,,,,,,,,,,,,
2021-10-25,4.0,1.0,,,,,,,,5.0,,,,,,,,,,,,,,,,,,,,,,,
2021-10-26,6.0,,,,,,,,,6.0,,,,,,,,,,,,,,,,,,,,,,,
2021-10-27,12.0,3.0,,,,,,,,15.0,,,,,,,,,,,,,,,,,,,,,,,
2021-10-28,11.0,1.0,,,,,,,,12.0,,,,,,,,,,,,,,,,,,,,,,,
2021-10-29,6.0,2.0,1.0,,,,,,,8.0,1.0,,,,,,,,,,,,,,,,,,,,,,
2021-10-30,2.0,,,,,,,,,2.0,,,,,,,,,,,,,,,,,,,,,,,
2021-10-31,4.0,,,,,,,,,4.0,,,,,,,,,,,,,,,,,,,,,,,
2021-11-01,4.0,,1.0,,,,,,,4.0,1.0,,,,,,,,,,,,,,,,,,,,,,
2021-11-02,4.0,,1.0,,,,,,,4.0,1.0,,,,,,,,,,,,,,,,,,,,,,
2021-11-03,5.0,1.0,,,,,,,,6.0,,,,,,,,,,,,,,,,,,,,,,,
2021-11-04,5.0,3.0,,,,,,,,8.0,,,,,,,,,,,,,,,,,,,,,,,
2021-11-05,8.0,1.0,1.0,,,,,,,9.0,1.0,,,,,,,,,,,,,,,,,,,,,,
2021-11-06,4.0,1.0,1.0,,,,,,,5.0,1.0,,,,,,,,,,,,,,,,,,,,,,
2021-11-07,2.0,1.0,,,,,,,,3.0,,,,,,,,,,,,,,,,,,,,,,,
2021-11-08,1.0,1.0,,,,,,,,2.0,,,,,,,,,,,,,,,,,,,,,,,
2021-11-09,7.0,1.0,5.0,,,,,,,8.0,8.0,,1.0,1.0,,,,,,,1.0,,,,,,,,,,,,
2021-11-10,11.0,2.0,,,,,,,,13.0,2.0,,,,,,,,,,2.0,,,,,,,,,,,,
2021-11-11,6.0,,1.0,,,,,,,6.0,1.0,,,,,,,,,,,,,,,,,,,,,,
2021-11-12,1.0,,,,,,,,,1.0,,,,,,,,,,,,,,,,,,,,,,,
2021-11-13,3.0,,,,,,,,,3.0,,,,,,,,,,,,,,,,,,,,,,,
2021-11-14,7.0,,,,,,,,,7.0,,,,,,,,,,,,,,,,,,,,,,,
2021-11-15,13.0,4.0,5.0,,,,,,,17.0,33.0,2.0,6.0,12.0,8.0,,,,,,,,,,,,,,,,,,
2021-11-16,17.0,,19.0,,,,,,,17.0,691.0,14.0,,363.0,292.0,,,,,,3.0,,,,,,,,,,,,
2021-11-17,4.0,2.0,9.0,,,,,,,6.0,83.0,1.0,,,71.0,,,,,,2.0,,,,,,,,,,,,
2021-11-18,15.0,,8.0,,,,,,,15.0,600.0,,2.0,323.0,267.0,,,,,,,,,,,,,,,,,,
2021-11-19,32.0,5.0,26.0,,,,,,,37.0,2066.0,3.0,,1179.0,858.0,,,,,,,,,,,,,,,,,,
2021-11-20,14.0,4.0,9.0,,,,,,,18.0,123.0,,,,114.0,,,,,,,,,,,,,,,,,,
2021-11-21,13.0,1.0,5.0,,,,,,,14.0,110.0,,,,105.0,,,,,,,,,,,,,,,,,,
2021-11-22,89.0,8.0,51.0,,,,3.0,,6.0,97.0,205.0,,,,133.0,,,,,,12.0,,,,,,,,,,,,
2021-11-23,241.0,21.0,111.0,,,,2.0,,2.0,262.0,249.0,1.0,,,106.0,,,,,,27.0,,,,,,,,,,,,
2021-11-24,152.0,20.0,98.0,,,1.0,,,,172.0,267.0,1.0,,,150.0,,,,,,17.0,,,,,,,,,,,,
2021-11-25,60.0,10.0,56.0,1.0,,,,,2.0,70.0,186.0,,,,109.0,,,,,,18.0,,,,,,,,,,,,
2021-11-26,34.0,10.0,58.0,,,,1.0,,1.0,44.0,133.0,,,,69.0,,,,,,4.0,,,,,,,,,,,,
2021-11-27,49.0,5.0,35.0,,,,,,,54.0,103.0,,,,68.0,,,,,,,,,,,,,,,,,,
2021-11-28,37.0,7.0,25.0,,,,,,,44.0,75.0,,,,45.0,,,,,,5.0,,,,,,,,,,,,
2021-11-29,46.0,11.0,37.0,,,,,,,57.0,79.0,,,,37.0,,,,,,5.0,,,,,,,,,,,,
2021-11-30,37.0,2.0,34.0,,,5.0,,,,39.0,113.0,,,,68.0,,,,,,6.0,,,,,,,,,,,,
2021-12-01,45.0,10.0,50.0,1.0,,,,,1.0,55.0,82.0,,,,29.0,,,,,,1.0,,,,,,,,,,,,
2021-12-02,31.0,8.0,40.0,,,,,,,39.0,84.0,1.0,,,39.0,,,,,,4.0,,,,,,,,,,,,
2021-12-03,50.0,6.0,28.0,,,,,,,56.0,53.0,,,,25.0,,,,,,,,,,,,,,,,,,
2021-12-04,742.0,41.0,25.0,1.0,,,,,,783.0,59.0,,,,31.0,,,,,,2.0,,,,,,,,,,,,
2021-12-05,7779.0,141.0,42.0,,,,,,2.0,7920.0,77.0,,,,29.0,,,,,,4.0,,,,,,,,,,,,
2021-12-06,8691.0,163.0,43.0,,,,,,1.0,8854.0,142.0,,,,89.0,,,,,,9.0,,,,,,,,,,,,
2021-12-07,7142.0,217.0,50.0,,,1.0,,,2.0,7359.0,120.0,,,,58.0,,,,,,9.0,,,,,,,,,,,,
2021-12-08,4787.0,93.0,74.0,,,,,,1.0,4880.0,127.0,,,,49.0,,,,,,3.0,,,,,,,,,,,,
2021-12-09,416.0,13.0,49.0,,,,,,3.0,429.0,87.0,,,,33.0,,,,,,2.0,,,,,,,,,,,,
2021-12-10,212.0,9.0,37.0,,,,,,1.0,221.0,91.0,,,,53.0,,,,,,,,,,,,,,,,,,
2021-12-11,565.0,42.0,32.0,,,,,,,607.0,113.0,,,,79.0,,,,,,2.0,,,,,,,,,,,,
2021-12-12,500.0,45.0,40.0,,,,,,3.0,545.0,114.0,,,,68.0,,,,,,3.0,,,,,,,,,,,,
2021-12-13,938.0,113.0,235.0,1.0,,,,,2.0,1051.0,330.0,4.0,,,82.0,,,,,,6.0,,,,,,,,,,,,
2021-12-14,1773.0,123.0,129.0,3.0,1.0,1.0,4.0,2.0,4.0,1896.0,341.0,,,,189.0,,,,,,8.0,,,,,,,,,,,,
2021-12-15,4212.0,198.0,70.0,1.0,,2.0,,,2.0,4410.0,227.0,,,,143.0,,,,,,9.0,,,,,,,,,,,,
2021-12-16,2158.0,100.0,33.0,,,,,1.0,,2258.0,108.0,,,,69.0,,,,,,5.0,,,,,,,,,,,,
2021-12-17,2917.0,117.0,91.0,,,1.0,,,,3034.0,222.0,,,,126.0,,,,,,4.0,,,,,,,,,,,,
2021-12-18,6403.0,266.0,27.0,,,,,,,6669.0,61.0,,,,33.0,,,,,,1.0,,,,,,,,,,,,
2021-12-19,5868.0,213.0,38.0,,,1.0,,,2.0,6081.0,112.0,,,,68.0,,,,,,3.0,,,,,,,,,,,,
2021-12-20,5827.0,195.0,102.0,,,,,,3.0,6022.0,140.0,,,,31.0,,,,,,4.0,,,,,,,,,,,,
2021-12-21,470.0,60.0,105.0,1.0,,1.0,,,1.0,530.0,186.0,,,,73.0,,,,,,5.0,,,,,,,,,,,,
2021-12-22,230.0,49.0,100.0,1.0,1.0,,,,1.0,279.0,235.0,,,,127.0,,,,,,5.0,,,,,,,,,,,,
2021-12-23,117.0,61.0,190.0,2.0,,,,,1.0,178.0,255.0,,,,58.0,,,,,,3.0,1.0,,,,,,,,,,,
2021-12-24,195.0,78.0,55.0,1.0,,,,,2.0,273.0,131.0,,,,70.0,,,,,,3.0,,,,,,,,,,,,
2021-12-25,679.0,150.0,34.0,,,,,,2.0,829.0,85.0,,,,49.0,,,,,,,,,,,,,,,,,,
2021-12-26,712.0,75.0,49.0,,,,,,1.0,787.0,66.0,,,,14.0,,,,,,2.0,,,,,,,,,,,,
2021-12-27,595.0,91.0,62.0,1.0,,,,,3.0,686.0,89.0,,,,23.0,,,,,,,,,,,,,,,,,,
2021-12-28,644.0,43.0,319.0,,,,,,,687.0,331.0,,,,9.0,,,,,,3.0,,,,,,,,,,,,
2021-12-29,603.0,101.0,208.0,1.0,,,,,1.0,704.0,222.0,,,,10.0,,,,,,2.0,,,,,,,,,,,,
2021-12-30,455.0,68.0,176.0,2.0,,,1.0,,5.0,523.0,202.0,1.0,,,17.0,,,,,,,,,,,,,,,,,,
2021-12-31,286.0,100.0,66.0,,,,,,,386.0,2170.0,,,1227.0,874.0,,,,,,3.0,,,,,,,,,,,,
2022-01-01,68.0,12.0,47.0,1.0,,,,,,80.0,58.0,,,,9.0,,,,,,1.0,,,,,,,,,,,,
2022-01-02,90.0,16.0,32.0,1.0,,,,1.0,,106.0,43.0,,,,5.0,,,,,,3.0,1.0,,,,,,,,,,,
2022-01-03,86.0,14.0,67.0,,,,,,1.0,100.0,119.0,,,,48.0,,,,,,2.0,1.0,,,,,,,,,,,
2022-01-04,83.0,10.0,98.0,,1.0,3.0,,20.0,1.0,93.0,170.0,1.0,,,41.0,,,,,,5.0,,,,,,,,,,,,
2022-01-05,68.0,10.0,64.0,,,,,15.0,2.0,78.0,316.0,,,93.0,136.0,,,,,,5.0,1.0,,,,,,,,,,,
2022-01-06,85.0,11.0,602.0,,,,,,4.0,96.0,646.0,,,,24.0,,,,,,16.0,,,,,,,,,,,,
2022-01-07,82.0,67.0,184.0,,,,1.0,3.0,3.0,149.0,219.0,3.0,,,12.0,,,,,,8.0,5.0,,,,,,,,,,,
2022-01-08,427.0,31.0,241.0,,,,1.0,,2.0,458.0,302.0,,,,51.0,,,,,,7.0,,,,,,,,,,,,
2022-01-09,216.0,19.0,300.0,4.0,,9.0,1.0,162.0,9.0,235.0,527.0,,,,31.0,,,,,,11.0,,,,,,,,,,,,
2022-01-10,166.0,31.0,1020.0,3.0,,14.0,,161.0,4.0,197.0,1291.0,,,,56.0,,,,,,30.0,3.0,,,,,,,,,,,
2022-01-11,130.0,62.0,303.0,1.0,2.0,17.0,,46.0,4.0,192.0,443.0,,,,50.0,,,2.0,,1.0,18.0,1.0,1.0,1.0,,,,,,,,,
2022-01-12,115.0,90.0,228.0,,,3.0,1.0,6.0,4.0,205.0,328.0,,,,80.0,,,,,,3.0,2.0,,,1.0,,,,,,,,
2022-01-13,95.0,65.0,119.0,,1.0,5.0,,24.0,,160.0,228.0,1.0,,,65.0,,,,,,13.0,,,,,,,,,,,,
2022-01-14,81.0,63.0,106.0,1.0,1.0,10.0,,14.0,4.0,144.0,32764.0,,,,34.0,,,,,,32590.0,2.0,,1.0,1.0,,,,,,,,
2022-01-15,75.0,59.0,73.0,,,2.0,,,2.0,134.0,110.0,,,,27.0,,,,,,4.0,1.0,,,1.0,,,,,,,,
2022-01-16,75.0,81.0,48.0,1.0,,2.0,1.0,,3.0,156.0,41875.0,,,,50.0,,,,,,41769.0,1.0,,,,,,,,,,,
2022-01-17,80.0,63.0,123.0,,1.0,2.0,,3.0,2.0,143.0,200.0,1.0,,,57.0,,,,,,8.0,2.0,,1.0,,,,,,,,,
2022-01-18,93.0,70.0,467.0,,1.0,14.0,,18.0,,163.0,561.0,,,,44.0,,,,,,3.0,6.0,,6.0,2.0,,,,,,,,
2022-01-19,68.0,107.0,216.0,,1.0,5.0,,1.0,3.0,175.0,242.0,,,,11.0,,,,,,,5.0,,,,,,,,,,,
2022-01-20,99.0,126.0,877.0,2.0,,5.0,,1.0,7.0,225.0,919.0,1.0,,,16.0,,,,1.0,,6.0,1.0,,2.0,,,,,,,,,
2022-01-21,67.0,151.0,84.0,3.0,1.0,3.0,,19.0,1.0,218.0,141.0,,,,25.0,,,,,,1.0,2.0,,,,2.0,,,,,,,
2022-01-22,57.0,97.0,42.0,,,3.0,,,1.0,154.0,67.0,,,,16.0,,,,,,1.0,3.0,,1.0,,,,,,,,,
2022-01-23,49.0,214.0,253.0,,,2.0,,,2.0,263.0,277.0,,,,20.0,,,,,,,,,,,,,,,,,,
2022-01-24,42.0,155.0,147.0,1.0,,4.0,,12.0,,197.0,184.0,,,,8.0,,,,,,3.0,5.0,,4.0,,,,,,,,,
2022-01-25,52.0,177.0,168.0,,,3.0,,12.0,,229.0,207.0,,,,20.0,,,,,,1.0,2.0,,,1.0,,,,,,,,
2022-01-26,83.0,121.0,192.0,1.0,,5.0,,3.0,1.0,204.0,280.0,3.0,,,69.0,,,1.0,,,1.0,4.0,,,1.0,,1.0,,,,,,
2022-01-27,294.0,56.0,334.0,2.0,,3.0,,2.0,2.0,350.0,373.0,5.0,,,20.0,,,,,,1.0,4.0,,,,,,,,,,,
2022-01-28,111.0,136.0,343.0,,,7.0,,7.0,1.0,247.0,410.0,,,,42.0,,,,,,5.0,5.0,,,,,,,,,,,
2022-01-29,114.0,95.0,52.0,,,4.0,,1.0,,209.0,93.0,,,,31.0,,,,,,,5.0,,,,,,,,,,,
2022-01-30,184.0,151.0,205.0,6.0,,2.0,,,11.0,335.0,24841.0,,,,4.0,,,,,,24610.0,2.0,,,1.0,,,,,,,,
2022-01-31,236.0,295.0,301.0,2.0,1.0,3.0,1.0,6.0,16.0,531.0,381.0,,,,35.0,,,,,,4.0,12.0,,,,,,,,,,,
2022-02-01,151.0,354.0,219.0,3.0,,9.0,,4.0,15.0,505.0,342.0,,,,86.0,,,,,,5.0,1.0,,,,,,,,,,,
2022-02-02,181.0,30.0,101.0,1.0,,3.0,,4.0,7.0,211.0,222.0,,,,100.0,,,,,,5.0,1.0,,,,,,,,,,,
2022-02-03,166.0,43.0,390.0,7.0,1.0,2.0,2.0,,17.0,209.0,31418.0,,,,152.0,,,,,,30844.0,2.0,,,1.0,,,,,,,,
2022-02-04,512.0,143.0,327.0,2.0,1.0,3.0,,5.0,19.0,655.0,468.0,2.0,,,98.0,,,,,,8.0,2.0,,1.0,,,,,,,,,
2022-02-05,474.0,104.0,359.0,4.0,,,,,19.0,578.0,522.0,1.0,,,134.0,,,,,,2.0,1.0,,,2.0,,,,,,,,
2022-02-06,171.0,43.0,176.0,4.0,,1.0,,,12.0,214.0,310.0,,,,93.0,,,,,,21.0,3.0,,,,,,,,,,,
2022-02-07,151.0,22.0,240.0,2.0,,4.0,,,8.0,173.0,342.0,,,,70.0,,,,,,13.0,4.0,,,1.0,,,,,,,,
2022-02-08,187.0,55.0,2973.0,36.0,1.0,1.0,4.0,5.0,61.0,242.0,3246.0,1.0,,,116.0,,,,,,41.0,7.0,,,,,,,,,,,
2022-02-09,230.0,65.0,3329.0,26.0,4.0,1.0,7.0,16.0,54.0,295.0,4365.0,,,,866.0,,,,,,51.0,8.0,,,1.0,,,2.0,,,,,
2022-02-10,189.0,86.0,3279.0,25.0,,2.0,3.0,,77.0,275.0,4389.0,,,,969.0,1.0,,1.0,,,26.0,4.0,,,4.0,,,,,,,,
2022-02-11,70.0,28.0,258.0,3.0,1.0,1.0,3.0,1.0,22.0,98.0,382.0,,,,86.0,1.0,,1.0,,,3.0,3.0,,,1.0,,,,,,,,
2022-02-12,56.0,19.0,256.0,1.0,,,,,13.0,75.0,479.0,,,,196.0,1.0,,1.0,,,1.0,11.0,,,1.0,,,,,,,,
2022-02-13,60.0,12.0,175.0,3.0,,1.0,,,12.0,72.0,252.0,,,,49.0,1.0,,1.0,,,,11.0,,,1.0,,,,,,,,
2022-02-14,57.0,16.0,248.0,5.0,,7.0,,,5.0,73.0,337.0,,,,64.0,1.0,,1.0,,,2.0,6.0,,,,,,,,,,,
2022-02-15,48.0,12.0,186.0,,1.0,14.0,1.0,3.0,6.0,60.0,294.0,,,,67.0,1.0,,1.0,,,4.0,12.0,,,,,,,,,,,
2022-02-16,19.0,5.0,157.0,2.0,,6.0,,7.0,4.0,24.0,255.0,,,,59.0,1.0,,1.0,,,7.0,11.0,,,2.0,,,,,,,,
2022-02-17,20.0,6.0,180.0,1.0,1.0,3.0,,,3.0,26.0,322.0,,,,114.0,1.0,,1.0,,,3.0,16.0,,,1.0,,,,,,,,
2022-02-18,35.0,9.0,130.0,1.0,1.0,7.0,,,3.0,44.0,344.0,,,,146.0,29.0,,29.0,,,47.0,8.0,,,1.0,,,,,,,,
2022-02-19,21.0,5.0,148.0,,2.0,1.0,,,3.0,26.0,210.0,,,,47.0,48.0,,48.0,,,1.0,6.0,,1.0,1.0,,,,,,,,
2022-02-20,26.0,2.0,202.0,1.0,,3.0,,,3.0,28.0,238.0,,,,22.0,48.0,,48.0,,,1.0,6.0,,,,,,,,,,,
2022-02-21,21.0,5.0,87.0,,,1.0,,,2.0,26.0,129.0,,,,34.0,48.0,,48.0,,,,5.0,,,,,,,,,,,
2022-02-22,22.0,9.0,175.0,2.0,,9.0,,,4.0,31.0,1855.0,,,,230.0,48.0,,48.0,43.0,,1386.0,5.0,,,1.0,,,,,,,,
2022-02-23,21.0,6.0,179.0,,,4.0,,,3.0,27.0,277.0,,,,60.0,48.0,,48.0,21.0,,2.0,7.0,,,1.0,,,,,,,,
2022-02-24,13.0,6.0,85.0,2.0,,2.0,,,4.0,19.0,134.0,5.0,,,20.0,48.0,,48.0,5.0,,5.0,6.0,,,,,,,,,,,
2022-02-25,12.0,2.0,68.0,,,2.0,,5.0,3.0,14.0,102.0,,,,6.0,48.0,,48.0,7.0,,2.0,9.0,,,,,,,,,,,
2022-02-26,14.0,5.0,77.0,,,2.0,,,2.0,19.0,123.0,,,,28.0,48.0,,48.0,5.0,,1.0,7.0,,1.0,,,,,,,,,
2022-02-27,8.0,3.0,46.0,1.0,,10.0,,,6.0,11.0,99.0,,,,23.0,48.0,,48.0,8.0,,1.0,4.0,,,,,,,,,,,
2022-02-28,6.0,3.0,69.0,1.0,2.0,5.0,,,5.0,9.0,95.0,,,,7.0,48.0,,48.0,,,1.0,5.0,,,,,,,,,,,
2022-03-01,14.0,2.0,93.0,,,11.0,,,3.0,16.0,169.0,,,,33.0,48.0,,48.0,21.0,,2.0,6.0,,,,,,,,,,,
2022-03-02,12.0,3.0,71.0,,,4.0,,,6.0,15.0,186.0,,,,80.0,48.0,,48.0,11.0,,,11.0,,1.0,2.0,,,,,,,,
2022-03-03,19.0,9.0,58.0,3.0,1.0,1.0,,,3.0,28.0,88.0,,,,16.0,48.0,,48.0,3.0,,,3.0,,,,,,,,,,,
2022-03-04,16.0,1.0,52.0,,1.0,2.0,,,1.0,17.0,90.0,,,,28.0,48.0,,48.0,4.0,,,2.0,,,,,,,,,,,
2022-03-05,5.0,2.0,75.0,,,,,,5.0,7.0,136.0,,,,50.0,48.0,,48.0,,,,6.0,,,,,,,,,,,
2022-03-06,2.0,1.0,110.0,,,6.0,,,2.0,3.0,150.0,,,,17.0,48.0,,48.0,,,5.0,9.0,,,1.0,,,,,,,,
2022-03-07,7.0,3.0,72.0,,,3.0,,1.0,3.0,10.0,114.0,,,,23.0,48.0,,48.0,,,2.0,10.0,,,,,,,,,,,
2022-03-08,7.0,2.0,220.0,,,5.0,,,1.0,9.0,245.0,,,,8.0,48.0,,48.0,,,2.0,8.0,,,1.0,,,,,,,,
2022-03-09,20.0,10.0,84.0,,,2.0,,,6.0,30.0,164.0,,,,59.0,48.0,,48.0,5.0,,1.0,6.0,,1.0,,,,,,,,,
2022-03-10,20.0,1.0,165.0,2.0,1.0,2.0,,6.0,1.0,21.0,225.0,,,,32.0,48.0,,48.0,8.0,,2.0,6.0,,,,,,,,,,,
2022-03-11,35.0,14.0,45.0,,,2.0,,,1.0,49.0,72.0,,,,12.0,48.0,,48.0,7.0,,1.0,4.0,,,,,,,,,,,
2022-03-12,18.0,4.0,61.0,,,,,,3.0,22.0,87.0,,,,7.0,48.0,,48.0,,,11.0,5.0,,,,,,,,,,,
2022-03-13,8.0,5.0,43.0,,1.0,3.0,,,4.0,13.0,67.0,,,,6.0,48.0,,48.0,,,,10.0,,,,,,,,,,,
2022-03-14,10.0,2.0,70.0,,,2.0,,,3.0,12.0,96.0,,,,17.0,48.0,,48.0,1.0,,,3.0,,,,,,,,,,,
2022-03-15,5.0,,57.0,,,3.0,,,3.0,5.0,137.0,,,,62.0,48.0,,48.0,,,4.0,8.0,,,,,,,,,,,
2022-03-16,7.0,3.0,50.0,,,2.0,,,,10.0,81.0,,,,14.0,48.0,,48.0,3.0,,7.0,5.0,,,,,,,,,,,
2022-03-17,14.0,5.0,41.0,,,5.0,,,5.0,19.0,100.0,,,,41.0,48.0,,48.0,1.0,,3.0,4.0,,,,,,,,,,,
2022-03-18,13.0,5.0,179.0,,1.0,1.0,,,4.0,18.0,218.0,,,,28.0,48.0,,48.0,,,1.0,4.0,,,,,,,,,,,
2022-03-19,10.0,3.0,37.0,,,1.0,,,3.0,13.0,71.0,,,,26.0,48.0,,48.0,,,1.0,3.0,,,,,,,,,,,
2022-03-20,8.0,6.0,39.0,,,,,,,14.0,49.0,,,,7.0,48.0,,48.0,1.0,,,2.0,,,,,,,,,,,
2022-03-21,6.0,,78.0,,,2.0,,,3.0,6.0,118.0,,1.0,,17.0,48.0,,48.0,3.0,,5.0,7.0,,,2.0,,,,,,,,
2022-03-22,11.0,5.0,73.0,,,1.0,,,4.0,16.0,116.0,,,,22.0,48.0,,48.0,,,16.0,,,,,,,,,,,,
2022-03-23,8.0,2.0,61.0,,,1.0,,,3.0,10.0,137.0,,,1.0,30.0,48.0,,48.0,6.0,,28.0,6.0,,,1.0,,,,,,,,
2022-03-24,9.0,1.0,51.0,,,1.0,,3.0,,10.0,70.0,,,,1.0,48.0,,48.0,1.0,,3.0,10.0,,,,,,,,,,,
2022-03-25,10.0,1.0,55.0,1.0,,1.0,,,2.0,11.0,90.0,,,,9.0,47.0,,47.0,3.0,,3.0,14.0,,,2.0,,,,,,,,
2022-03-26,6.0,4.0,36.0,2.0,,1.0,,,3.0,10.0,66.0,,,,5.0,48.0,,48.0,7.0,,6.0,6.0,,,,,,,,,,,
2022-03-27,7.0,2.0,61.0,,,2.0,,,,9.0,72.0,,,,3.0,48.0,,48.0,2.0,,3.0,1.0,,,,,,,,,,,
2022-03-28,9.0,1.0,69.0,2.0,,1.0,,,,10.0,120.0,1.0,,,12.0,48.0,,48.0,5.0,,14.0,12.0,,2.0,2.0,,,,,,,,
2022-03-29,7.0,5.0,72.0,,,1.0,,1.0,,12.0,120.0,,,,15.0,48.0,,48.0,21.0,,4.0,6.0,,,,,,,,,,,
2022-03-30,14.0,4.0,56.0,1.0,1.0,4.0,,,1.0,18.0,164.0,,,,19.0,48.0,,48.0,76.0,,5.0,1.0,,,,,,,,,,,
2022-03-31,10.0,6.0,85.0,,,,,,,16.0,248.0,,,,50.0,48.0,,48.0,97.0,,4.0,12.0,,,,,,,,,,,
2022-04-01,13.0,1.0,63.0,,,,,,1.0,14.0,204.0,,1.0,1.0,35.0,48.0,,48.0,95.0,,5.0,3.0,,,,,,,,,,,
2022-04-02,9.0,2.0,45.0,1.0,,,,,,11.0,257.0,,2.0,2.0,12.0,48.0,,48.0,184.0,,1.0,9.0,,,1.0,,,,,,,,
2022-04-03,8.0,3.0,53.0,1.0,,2.0,,,,11.0,382.0,,2.0,2.0,17.0,48.0,,48.0,293.0,,3.0,8.0,,,1.0,,,,,,,,
2022-04-04,9.0,1.0,61.0,1.0,,2.0,,6.0,3.0,10.0,315.0,,,,9.0,48.0,,48.0,213.0,,8.0,9.0,,1.0,2.0,,,,,,,,
2022-04-05,16.0,4.0,159.0,1.0,1.0,3.0,,,6.0,20.0,412.0,,,,23.0,48.0,,48.0,204.0,,7.0,7.0,,,1.0,,,,,,,,
2022-04-06,13.0,5.0,267.0,2.0,,1.0,,,2.0,18.0,536.0,,,,19.0,48.0,,48.0,229.0,,7.0,9.0,,,,,,,,,,,
2022-04-07,13.0,5.0,115.0,1.0,1.0,3.0,,,,18.0,348.0,,,,2.0,48.0,,48.0,205.0,,13.0,7.0,,,1.0,,,,,,,,
2022-04-08,14.0,14.0,226.0,,,2.0,,,1.0,28.0,445.0,,,,4.0,48.0,,48.0,206.0,,2.0,4.0,,,,,,,,,,,
2022-04-09,17.0,5.0,117.0,,1.0,4.0,,,,22.0,300.0,3.0,,,4.0,48.0,,48.0,166.0,,2.0,1.0,,2.0,,,,,,,,,
2022-04-10,9.0,,192.0,,,1.0,,,,9.0,355.0,,,,16.0,48.0,,48.0,141.0,,2.0,3.0,,,,,,,,,,,
2022-04-11,6.0,1.0,219.0,,,,,,,7.0,288.0,,,,12.0,48.0,,48.0,42.0,,13.0,2.0,,,,,,,,,,,
2022-04-12,15.0,4.0,107.0,1.0,,,,,,19.0,122.0,,,,2.0,48.0,,48.0,1.0,,4.0,7.0,,,,,,,,,,,
2022-04-13,3.0,1.0,131.0,,,2.0,,2.0,1.0,4.0,170.0,,,,30.0,48.0,,48.0,,,2.0,2.0,,,,,,,,,,,
2022-04-14,6.0,5.0,107.0,,,3.0,,,1.0,11.0,135.0,,,,10.0,48.0,,48.0,1.0,,6.0,7.0,,,,,,,,,,,
2022-04-15,13.0,2.0,59.0,,,,,,,15.0,71.0,,1.0,1.0,7.0,48.0,,48.0,,,1.0,2.0,,,,,,,,,,,
2022-04-16,3.0,,107.0,1.0,,1.0,,,4.0,3.0,201.0,,,,78.0,48.0,,48.0,2.0,,5.0,3.0,,,,,,,,,,,
2022-04-17,5.0,3.0,59.0,,,1.0,,,1.0,8.0,62.0,,,,,48.0,,48.0,,,1.0,,,,,,,,,,,,
2022-04-18,5.0,4.0,223.0,,,,,,1.0,9.0,240.0,,3.0,,1.0,48.0,,48.0,1.0,,3.0,8.0,,,,,,,,,,,
2022-04-19,7.0,3.0,76.0,,,1.0,,,,10.0,999.0,,,888.0,5.0,48.0,,48.0,5.0,,12.0,12.0,,,,,,,,,,,
2022-04-20,6.0,3.0,120.0,,,2.0,,,5.0,9.0,206.0,,2.0,25.0,33.0,48.0,,48.0,,,5.0,13.0,,,1.0,,,,,,,,
2022-04-21,12.0,5.0,69.0,,,,,,1.0,17.0,125.0,1.0,,36.0,15.0,48.0,,48.0,,,1.0,2.0,,,,,,,,,,,
2022-04-22,5.0,4.0,92.0,,,1.0,,,,9.0,127.0,,,7.0,15.0,48.0,,48.0,,,6.0,5.0,,,1.0,,,,,,,,
2022-04-23,21.0,8.0,69.0,,,4.0,,,,29.0,90.0,,,6.0,10.0,48.0,,48.0,,,1.0,,,,,,,,,,,,
2022-04-24,13.0,3.0,53.0,,2.0,1.0,,,1.0,16.0,75.0,,,,7.0,48.0,,48.0,,,3.0,6.0,,2.0,,,,,,,,,
2022-04-25,10.0,5.0,46.0,,,,,,,15.0,154.0,,,18.0,80.0,48.0,,48.0,,,1.0,7.0,,,2.0,,,,,,,,
2022-04-26,36.0,7.0,41.0,,2.0,4.0,,,,43.0,196.0,,,19.0,34.0,48.0,,48.0,81.0,,2.0,11.0,,2.0,,,,,,,,,
2022-04-27,39.0,4.0,63.0,,,,,,,43.0,283.0,1.0,,34.0,62.0,48.0,,48.0,107.0,,8.0,7.0,,,1.0,,,,,,,,
2022-04-28,43.0,19.0,92.0,,,2.0,,,3.0,62.0,488.0,,,130.0,52.0,48.0,,48.0,137.0,,55.0,16.0,,,1.0,,,,,,,,
2022-04-29,16.0,4.0,66.0,,1.0,,,3.0,2.0,20.0,232.0,,,54.0,22.0,48.0,,48.0,70.0,,2.0,12.0,,,,,,,,,,,
2022-04-30,9.0,,65.0,,,1.0,,,,9.0,108.0,,,28.0,10.0,48.0,,48.0,,,,3.0,,,1.0,,,,,,,,
2022-05-01,7.0,,71.0,,,,,,,7.0,101.0,,,20.0,8.0,48.0,,48.0,,,,2.0,,,,,,,,,,,
2022-05-02,4.0,,47.0,,,1.0,,,1.0,4.0,93.0,,,28.0,8.0,48.0,,48.0,2.0,,4.0,2.0,,,,,,,,,,,
2022-05-03,5.0,1.0,53.0,,1.0,,,,1.0,6.0,97.0,,,14.0,8.0,47.0,,47.0,5.0,,10.0,5.0,,,,,,,,,,,
2022-05-04,5.0,9.0,50.0,1.0,,,,,2.0,14.0,82.0,,1.0,7.0,7.0,48.0,,48.0,4.0,,4.0,5.0,,,1.0,,,,,,,,
2022-05-05,10.0,1.0,58.0,,,1.0,,,1.0,11.0,366.0,,,4.0,7.0,48.0,,48.0,284.0,,2.0,5.0,,,4.0,,,,,,,,
2022-05-06,11.0,3.0,133.0,,,1.0,,,,14.0,166.0,,,8.0,8.0,48.0,,48.0,2.0,,5.0,9.0,,,,,,,,,,,
2022-05-07,12.0,3.0,58.0,,,,,,,15.0,1730.0,,,6.0,5.0,48.0,,48.0,1655.0,,,3.0,,,3.0,,,,,,,,
2022-05-08,12.0,3.0,73.0,,,,,,2.0,15.0,3555.0,,,,,48.0,,48.0,3475.0,,,5.0,,,,,,,,,,,
2022-05-09,6.0,1.0,230.0,,,1.0,,,,7.0,2632.0,,,,10.0,48.0,,48.0,2387.0,,1.0,3.0,,,,,,,,,,,
2022-05-10,16.0,3.0,236.0,1.0,,,,,2.0,19.0,5166.0,,,138.0,195.0,48.0,,48.0,4589.0,,3.0,2.0,,,,,,,,,,,
2022-05-11,32.0,11.0,159.0,1.0,,,,,,43.0,2118.0,,,218.0,213.0,48.0,,48.0,1419.0,,104.0,4.0,,,,,,,,,,,
2022-05-12,7.0,4.0,135.0,,,,,,1.0,11.0,21289.0,,,506.0,338.0,48.0,,48.0,20228.0,,74.0,6.0,,,1.0,,,,,,,,
2022-05-13,18.0,,90.0,1.0,,,,,1.0,18.0,24607.0,,,304.0,212.0,48.0,,48.0,23992.0,,3.0,4.0,,,,,,,,,,,
2022-05-14,9.0,1.0,131.0,,,,,,,10.0,24720.0,,,348.0,258.0,48.0,,48.0,23982.0,,1.0,,,,,,,,,,,,
2022-05-15,7.0,5.0,146.0,,,,,,1.0,12.0,24443.0,,,132.0,158.0,48.0,,48.0,24004.0,,1.0,1.0,,,,,,,,,,,
2022-05-16,17.0,28.0,87.0,,,1.0,,,1.0,45.0,25138.0,,,508.0,547.0,48.0,,48.0,23986.0,,1.0,6.0,,,1.0,,,,,,,,
2022-05-17,34.0,13.0,195.0,1.0,,2.0,,,,47.0,24367.0,,,34.0,88.0,48.0,,48.0,24029.0,,7.0,11.0,,,,,,,,,,,
2022-05-18,19.0,44.0,275.0,,,,,,,63.0,7260.0,,,,22.0,48.0,,48.0,6956.0,,5.0,2.0,,,,,,,,,,,
2022-05-19,8.0,3.0,142.0,,,,,,,11.0,12018.0,,,,11.0,48.0,,48.0,11855.0,,2.0,7.0,,,1.0,,,,,,,,
2022-05-20,6.0,,53.0,,,,,,2.0,6.0,24212.0,,,,102.0,48.0,,48.0,24047.0,,2.0,5.0,,,1.0,,,,,,,,
2022-05-21,12.0,2.0,111.0,,,,,,1.0,14.0,24199.0,,,,,48.0,,48.0,24079.0,,3.0,4.0,,,1.0,,,,,,,,
2022-05-22,11.0,4.0,37.0,,,,,,1.0,15.0,24128.0,,,,,48.0,,48.0,24086.0,,3.0,1.0,,,,,,,,,,,
2022-05-23,8.0,1.0,61.0,,,,,,,9.0,24315.0,,,12.0,146.0,48.0,,48.0,24080.0,,5.0,9.0,,,2.0,,,,,,,,
2022-05-24,43.0,5.0,112.0,,,,,,,48.0,24225.0,,,,20.0,48.0,,48.0,24085.0,,4.0,3.0,,,1.0,,,,,,,,
2022-05-25,9.0,3.0,63.0,1.0,,,,,1.0,12.0,24150.0,,,,12.0,48.0,,48.0,24070.0,,,3.0,,,,,,,,,,,
2022-05-26,5.0,8.0,240.0,,,1.0,1.0,,1.0,13.0,24248.0,,,,5.0,48.0,,48.0,23992.0,,2.0,6.0,,,,,,,,,,,
2022-05-27,12.0,2.0,402.0,,,,,,1.0,14.0,24364.0,,,,1.0,48.0,,48.0,23955.0,,2.0,3.0,,,,,,,,,,,
2022-05-28,9.0,,107.0,,,1.0,,,1.0,9.0,24124.0,,,,2.0,48.0,,48.0,24007.0,,,5.0,,1.0,,,,,,,,,
2022-05-29,8.0,2.0,77.0,,,1.0,,,,10.0,24039.0,,,,,48.0,,48.0,23953.0,,1.0,7.0,,,,,,,,,,,
2022-05-30,9.0,2.0,98.0,,1.0,,,2.0,,11.0,24210.0,,,,14.0,48.0,,48.0,23990.0,,94.0,6.0,,,5.0,,,,,,,,
2022-05-31,13.0,1.0,174.0,,,,,,,14.0,24182.0,,,,,48.0,,48.0,23998.0,,2.0,7.0,,1.0,,,,,,,,,
2022-06-01,10.0,2.0,125.0,,,,,3.0,1.0,12.0,24140.0,,,1.0,4.0,48.0,,48.0,24002.0,,4.0,,,,,,,,,,,,
2022-06-02,4.0,,100.0,1.0,1.0,2.0,,,1.0,4.0,24119.0,,,,1.0,48.0,,48.0,24007.0,,1.0,4.0,,,1.0,,,,,,,,
2022-06-03,7.0,,42.0,,,,,,,7.0,24060.0,,,,26.0,48.0,,48.0,23992.0,,,,,,,,,,,,,,
2022-06-04,6.0,1.0,96.0,,,,,,,7.0,24096.0,,,,3.0,48.0,,48.0,23997.0,,,,,,,,,,,,,,
2022-06-05,3.0,,66.0,,,,,,,3.0,24056.0,,,,,48.0,,48.0,23990.0,,,,,,,,,,,,,,
2022-06-06,11.0,1.0,87.0,2.0,,2.0,1.0,,,12.0,24750.0,,,32.0,28.0,48.0,,48.0,24137.0,,,459.0,,,2.0,,,,,,,,
2022-06-07,5.0,,92.0,,1.0,,,,,5.0,24099.0,,,,2.0,48.0,,48.0,23991.0,,3.0,10.0,,,,,,,,,,,
2022-06-08,1.0,2.0,59.0,,,,,,,3.0,24172.0,,,,108.0,48.0,,48.0,23994.0,,5.0,5.0,,,1.0,,,,,,,,
2022-06-09,5.0,2.0,97.0,,,1.0,,,,7.0,24105.0,,,,6.0,48.0,,48.0,23996.0,,2.0,2.0,,,1.0,,,,,,,,
2022-06-10,6.0,1.0,174.0,,,1.0,,,,7.0,91534.0,,,,1.0,48.0,,48.0,27515.0,,63843.0,,,,,,,,,,,,
2022-06-11,2.0,4.0,203.0,,,,,,1.0,6.0,31055.0,,2.0,1.0,1.0,48.0,,48.0,30840.0,,1.0,4.0,,1.0,,,,,1.0,,,,
2022-06-12,2.0,3.0,84.0,,,,,,,5.0,30927.0,,,,11.0,48.0,,48.0,30826.0,,1.0,5.0,,,,,,,,,,,
2022-06-13,7.0,2.0,85.0,,,,,,1.0,9.0,30914.0,,,,17.0,48.0,,48.0,30805.0,,,6.0,,,,,,,,,,,
2022-06-14,5.0,4.0,119.0,,,,,,,9.0,31076.0,,,,38.0,48.0,,48.0,30900.0,,15.0,4.0,,,,,,,,,,,
2022-06-15,9.0,2.0,174.0,,1.0,,,,,11.0,31041.0,,,,25.0,46.0,,46.0,30816.0,,19.0,2.0,,,,,,,4.0,,,,
2022-06-16,5.0,3.0,98.0,,2.0,,1.0,,,8.0,30987.0,,,,7.0,48.0,,48.0,30871.0,,6.0,2.0,,,,,,,,,,,
2022-06-17,5.0,,62.0,2.0,,1.0,,,,5.0,30932.0,,,,1.0,48.0,,48.0,30863.0,,,,,,2.0,,,,1.0,,,,
2022-06-18,1.0,,37.0,,,,,,2.0,1.0,30900.0,,,,12.0,48.0,,48.0,30847.0,,,1.0,,,1.0,,,,,,,,
2022-06-19,5.0,3.0,58.0,1.0,,1.0,,,,8.0,30896.0,,,,17.0,48.0,,48.0,30819.0,,,,,,,,,,,,,,
2022-06-20,3.0,2.0,82.0,,,,,,,5.0,30929.0,,,,3.0,48.0,,48.0,30836.0,,4.0,4.0,,,,,,,,,,,
2022-06-21,5.0,23.0,85.0,1.0,,,,,3.0,28.0,31031.0,4.0,,,6.0,48.0,,50.0,30929.0,1.0,,3.0,,,,,,,,1.0,,,
2022-06-22,4.0,4.0,218.0,1.0,3.0,,,,1.0,8.0,31253.0,,,,77.0,48.0,,48.0,30942.0,,1.0,7.0,,,3.0,,,,,,,,
2022-06-23,7.0,60.0,157.0,,,,,,,67.0,31199.0,,,,15.0,48.0,,48.0,30905.0,,2.0,1.0,,,,,,,1.0,,80.0,38.0,
2022-06-24,8.0,10.0,93.0,1.0,,,,,1.0,18.0,31058.0,,,,4.0,48.0,,48.0,30930.0,,2.0,,,,,,,,,,15.0,12.0,
2022-06-25,1.0,2.0,32.0,,,,,,1.0,3.0,30939.0,,,,1.0,48.0,,48.0,30903.0,,,,,,,,,,,,1.0,1.0,
2022-06-26,4.0,4.0,43.0,,,,,,,8.0,30922.0,,,,1.0,48.0,,48.0,30861.0,,,,,,,,,,,,4.0,13.0,
2022-06-27,8.0,11.0,71.0,,,,,,,19.0,30946.0,,,,3.0,48.0,,48.0,30815.0,,2.0,,,,,,,,,,39.0,16.0,
2022-06-28,17.0,12.0,137.0,,,,,1.0,2.0,29.0,20253.0,,,,,48.0,,48.0,19700.0,,3.0,,,,,,,,278.0,,120.0,12.0,
2022-06-29,12.0,8.0,198.0,1.0,,,1.0,,3.0,20.0,1046.0,,,,2.0,48.0,,48.0,203.0,,368.0,,,,,,,,203.0,,59.0,8.0,
2022-06-30,12.0,23.0,221.0,,,,,,1.0,35.0,425.0,,,,7.0,48.0,,48.0,8.0,,2.0,,,,,,,,1.0,,150.0,35.0,
2022-07-01,7.0,7.0,120.0,,,,,,1.0,14.0,226.0,,3.0,25.0,3.0,48.0,,48.0,,,2.0,,,,,,,,,,52.0,20.0,
2022-07-02,7.0,2.0,78.0,,,,,,,9.0,129.0,,,,,48.0,,48.0,,,,,,,,,,,,,39.0,12.0,
2022-07-03,5.0,4.0,42.0,,,,,,1.0,9.0,90.0,,,,,48.0,,48.0,,,2.0,,,,,1.0,,,,,38.0,6.0,
2022-07-04,3.0,8.0,135.0,,,,,2.0,1.0,11.0,21487.0,,,34.0,16.0,48.0,,48.0,21243.0,,1.0,,,,,,,,,,45.0,10.0,
2022-07-05,7.0,4.0,107.0,,,,,,3.0,11.0,30973.0,,,4.0,9.0,48.0,,48.0,30798.0,,1.0,,,,,,,,4.0,,36.0,11.0,
2022-07-06,4.0,3.0,94.0,,,,,,1.0,7.0,30970.0,,,,6.0,48.0,,48.0,30830.0,,1.0,,,,,,,,,,26.0,12.0,
2022-07-07,5.0,2.0,143.0,,,,,,1.0,7.0,31047.0,3.0,,6.0,13.0,48.0,,48.0,30840.0,,6.0,,,,,,,,,,24.0,11.0,
2022-07-08,10.0,29.0,87.0,,,,,,1.0,39.0,30999.0,,,6.0,9.0,48.0,,48.0,30841.0,,1.0,,,,,,,,,,52.0,2.0,
2022-07-09,4.0,4.0,151.0,1.0,,,,,1.0,8.0,31041.0,,,,,48.0,,48.0,30855.0,,,,,,,,,,,,27.0,6.0,
2022-07-10,4.0,2.0,45.0,,,,,,,6.0,30867.0,,,,1.0,48.0,,48.0,30803.0,,1.0,,,,,,,,,,15.0,2.0,
2022-07-11,3.0,27.0,142.0,,,,,,,30.0,31061.0,,,,1.0,48.0,,48.0,30862.0,,,,,,,,,,,,50.0,6.0,
2022-07-12,10.0,4.0,64093.0,1.0,,,,15.0,,14.0,95046.0,,,6.0,18.0,48.0,,48.0,30851.0,,,,,,,,,,,,55.0,7.0,
2022-07-13,6.0,5.0,72.0,,,,,,1.0,11.0,31000.0,,,12.0,13.0,48.0,,48.0,30857.0,,,,,,,,,,,,37.0,8.0,
2022-07-14,5.0,3.0,135.0,,,,,,1.0,8.0,31105.0,,,12.0,64.0,48.0,,48.0,30847.0,,3.0,,,,,,,,,,26.0,17.0,
2022-07-15,6.0,,146.0,1.0,,,,,1.0,6.0,31042.0,,,19.0,19.0,48.0,,48.0,30836.0,,1.0,,,,,,,,,,16.0,3.0,
2022-07-16,5.0,,54.0,1.0,,,,,1.0,5.0,30959.0,,,4.0,22.0,48.0,,48.0,30848.0,,,,,,,,,,,,20.0,9.0,
2022-07-17,7.0,1.0,42.0,,,,,,2.0,8.0,30939.0,,2.0,16.0,18.0,48.0,,48.0,30844.0,,,,,,,,,,,,11.0,4.0,
2022-07-18,7.0,,92.0,2.0,,,,12.0,2.0,7.0,31031.0,,,4.0,9.0,48.0,,48.0,30864.0,,,,,,,,,,,,36.0,10.0,
2022-07-19,9.0,4.0,204.0,,,,,,,13.0,29346.0,,,,51.0,48.0,,48.0,29053.0,,3.0,,,,,,,,,,24.0,11.0,
2022-07-20,4.0,11.0,118.0,1.0,,,,,,15.0,36649.0,,,,6.0,48.0,,48.0,36472.0,,4.0,,,,,,,,,,44.0,4.0,
2022-07-21,2.0,3.0,165.0,,,,,,1.0,5.0,31136.0,,,,35.0,48.0,,48.0,30912.0,,2.0,,,,,,,,,,14.0,7.0,
2022-07-22,3.0,2.0,188.0,1.0,,,,,4.0,5.0,31164.0,,,,12.0,48.0,,48.0,30922.0,,,,,,,,,,,,30.0,7.0,
2022-07-23,,1.0,198.0,,,,,,,1.0,31154.0,,,,1.0,48.0,,48.0,30925.0,,,,,,,,,,,,24.0,6.0,
2022-07-24,1.0,2.0,27.0,,,,,,1.0,3.0,30984.0,,1.0,3.0,2.0,48.0,,48.0,30934.0,,,,,,,,,,,,12.0,4.0,
2022-07-25,3.0,6.0,108.0,,,,,1.0,2.0,9.0,31058.0,,,,6.0,48.0,,48.0,30879.0,,38.0,,,,,,,,,,20.0,4.0,
2022-07-26,11.0,4.0,68.0,,,,,,,15.0,30976.0,,,,2.0,48.0,,48.0,30853.0,,17.0,,,,,,,,,,32.0,4.0,
2022-07-27,13.0,32.0,109.0,,,,,,1.0,45.0,31039.0,,,10.0,5.0,48.0,,48.0,30860.0,,4.0,,,,,,,,,,46.0,4.0,
2022-07-28,10.0,51.0,118.0,,,,,,,61.0,30961.0,,,,,47.0,,47.0,30818.0,,1.0,,,,,,,,,,19.0,5.0,
2022-07-29,6.0,1.0,145.0,,,,,,2.0,7.0,31070.0,,,20.0,22.0,49.0,,49.0,30854.0,,3.0,,,,,,,,,,21.0,3.0,
2022-07-30,7.0,,158.0,,,,,,,7.0,31026.0,,,,,48.0,,48.0,30843.0,,2.0,,,,,,,,,,19.0,4.0,
2022-07-31,8.0,5.0,52.0,,,,,,1.0,13.0,30934.0,,,,9.0,48.0,,48.0,30852.0,,,,,,,,,,,,17.0,3.0,
2022-08-01,3.0,,85.0,,,,,,,3.0,30930.0,,,4.0,4.0,48.0,,48.0,30813.0,,1.0,,,,,,,,,,12.0,11.0,
2022-08-02,10.0,2.0,126.0,,,,,,1.0,12.0,30902.0,,,,7.0,48.0,,48.0,30735.0,,,,,,,,,,,,24.0,9.0,
2022-08-03,3.0,1.0,78.0,1.0,,,,,,4.0,30863.0,,,,,47.0,,47.0,30769.0,,,,,,,,,,,,11.0,4.0,
2022-08-04,7.0,2.0,174.0,2.0,,,,,1.0,9.0,31122.0,,,,24.0,48.0,,48.0,30863.0,,,,,,,,,,,,47.0,11.0,
2022-08-05,11.0,5.0,101.0,,,,,,1.0,16.0,31035.0,,,,53.0,48.0,,48.0,30850.0,,,,,,,,,,,,25.0,5.0,
2022-08-06,2.0,,85.0,,,,,,,2.0,30974.0,,,8.0,4.0,48.0,,48.0,30848.0,,1.0,,,,,,,,,,25.0,3.0,
2022-08-07,5.0,1.0,87.0,,,,,,1.0,6.0,30968.0,,,,2.0,48.0,,48.0,30850.0,,1.0,,,,,,,,,,21.0,6.0,
2022-08-08,7.0,4.0,74.0,,,,,,,11.0,31001.0,,,22.0,33.0,48.0,,48.0,30841.0,,1.0,,,,,,,,,,20.0,10.0,
2022-08-09,11.0,,274.0,1.0,,,,,,11.0,31121.0,,,2.0,8.0,48.0,,48.0,30803.0,,2.0,,,,,,,,,,22.0,9.0,
2022-08-10,7.0,1.0,91.0,,,,,,,8.0,30970.0,,,4.0,12.0,48.0,,48.0,30831.0,,10.0,,,,,,,,,,16.0,6.0,
2022-08-11,7.0,18.0,166.0,1.0,,,,,1.0,25.0,31091.0,3.0,,24.0,28.0,48.0,,48.0,30824.0,,12.0,,,,,,,,,,28.0,4.0,
2022-08-12,3.0,3.0,94.0,,,,,,,6.0,30892.0,,,4.0,2.0,48.0,,48.0,30754.0,,3.0,,,,,,,,,,26.0,9.0,
2022-08-13,2.0,5.0,68.0,1.0,,,1.0,,1.0,7.0,31029.0,,,,121.0,48.0,,48.0,30813.0,,,,,,,,,,,,22.0,2.0,
2022-08-14,4.0,6.0,84.0,,,,,,,10.0,31025.0,,,,87.0,48.0,,48.0,30827.0,,4.0,,,,,,,,,,20.0,3.0,
2022-08-15,10.0,6.0,230.0,,,,,17.0,,16.0,31151.0,,,6.0,11.0,48.0,,48.0,30845.0,,1.0,,,,,,,,,,36.0,5.0,
2022-08-16,9.0,3.0,103.0,1.0,,,,,,12.0,30993.0,,,,1.0,48.0,,48.0,30866.0,,,,,,,,,,,,15.0,7.0,
2022-08-17,9.0,8.0,75.0,,,,,,,17.0,30966.0,,,2.0,1.0,48.0,,48.0,30861.0,,,,,,,,,,,,24.0,3.0,
2022-08-18,2.0,6.0,231.0,,,,,,1.0,8.0,31116.0,,,,1.0,48.0,,48.0,30842.0,,2.0,,,,,,,,,,35.0,4.0,
2022-08-19,4.0,2.0,71.0,1.0,,,,,1.0,6.0,30939.0,,,12.0,6.0,48.0,,48.0,30823.0,,2.0,,,,,,,,,,20.0,3.0,
2022-08-20,,,48.0,,,,,,,,30906.0,,,,,48.0,,48.0,30836.0,,,,,,,,,,,,20.0,2.0,
2022-08-21,3.0,1.0,23.0,,,,,,1.0,4.0,11418.0,,,,,48.0,,48.0,11373.0,,1.0,,,,,,,,,,18.0,2.0,
2022-08-22,2.0,4.0,187.0,,,,,6.0,,6.0,240.0,,,10.0,11.0,48.0,,48.0,,,6.0,,,,,,,,,,14.0,6.0,
2022-08-23,12.0,5.0,64215.0,,,,,9.0,,17.0,64265.0,,,,3.0,48.0,,48.0,3.0,,3.0,,,,,,,,,,31.0,1.0,
2022-08-24,9.0,,90.0,,,,,,3.0,9.0,125.0,,,,,48.0,,48.0,,,7.0,,,,,,,,,,20.0,5.0,
2022-08-25,16.0,6.0,205.0,,,,,,2.0,22.0,262.0,,,,16.0,48.0,,48.0,1.0,,1.0,,,,,,,,,,28.0,9.0,
2022-08-26,,3.0,103.0,,,,,,,3.0,18337.0,,,2.0,1.0,47.0,,47.0,18195.0,,,,,,,,,,,,31.0,5.0,
2022-08-27,,,74.0,,,,,,,,30940.0,,,,1.0,48.0,,48.0,30843.0,,1.0,,,,,,,,,,18.0,3.0,
2022-08-28,3.0,,31.0,,,,,,1.0,3.0,30907.0,,,,2.0,48.0,,48.0,30854.0,,,,,,,,,,1.0,,13.0,5.0,
2022-08-29,6.0,6.0,52.0,,,,,,1.0,12.0,30830.0,,,,1.0,48.0,,48.0,30763.0,,1.0,,,,,,,,,,7.0,5.0,
2022-08-30,5.0,,73.0,,,,,,,5.0,30913.0,,,,,48.0,,48.0,30829.0,,,,,,,,,,,,10.0,1.0,
2022-08-31,1.0,,111.0,,,,,,1.0,1.0,31007.0,,,,1.0,48.0,,48.0,30849.0,,12.0,,,,,,,,,,25.0,8.0,
2022-09-01,6.0,3.0,182.0,,,,,,1.0,9.0,31083.0,,,4.0,8.0,48.0,,48.0,30862.0,,2.0,,,,,,,,,,20.0,4.0,
2022-09-02,10.0,,39.0,,,,,7.0,,10.0,32153.0,,,2.0,9.0,48.0,,48.0,32082.0,,,,,,,,,,,,12.0,2.0,
2022-09-03,3.0,4.0,41.0,1.0,,,,,1.0,7.0,30631.0,,,,14.0,48.0,,48.0,30565.0,,,,,,,,,,,,5.0,4.0,
2022-09-04,1.0,38.0,99.0,,,,,,,39.0,30966.0,,,,2.0,48.0,,48.0,30852.0,,,,,,,,,,,,11.0,2.0,
2022-09-05,5.0,,59.0,,,,1.0,1.0,2.0,5.0,30945.0,,,,14.0,48.0,,48.0,30851.0,,,,,,,,,,,,11.0,6.0,
2022-09-06,7.0,,166.0,,,,,,,7.0,31051.0,,,,26.0,47.0,,47.0,30830.0,,,,,,,,,,,,25.0,4.0,
2022-09-07,5.0,2.0,116.0,,,,,,,7.0,31040.0,,,,31.0,48.0,,48.0,30850.0,,15.0,,,,,,,,,,21.0,7.0,
2022-09-08,6.0,1.0,157.0,,,,,,,7.0,31053.0,,,,28.0,48.0,,48.0,30837.0,,1.0,,,,,,,,,,25.0,5.0,
2022-09-09,5.0,3.0,103.0,,,,,,,8.0,30995.0,,,2.0,15.0,48.0,,48.0,30847.0,,,,,,,,,,,,23.0,5.0,
2022-09-10,11.0,1.0,36.0,,,,,,1.0,12.0,30433.0,,,,30.0,48.0,,48.0,30347.0,,,,,,,,,,,,16.0,3.0,
2022-09-11,2.0,1.0,58.0,,,,,,,3.0,29445.0,,,,1.0,48.0,,48.0,29375.0,,,,,,,,,,,,10.0,1.0,
2022-09-12,5.0,5.0,64226.0,1.0,,,,,,10.0,95163.0,,,2.0,48.0,48.0,,48.0,30859.0,,,,,,,,,,,,17.0,10.0,
2022-09-13,2.0,1.0,153.0,,,,,,1.0,3.0,31017.0,,1.0,4.0,21.0,48.0,,48.0,30817.0,,,,,,,,,,1.0,,15.0,4.0,
2022-09-14,8.0,4.0,309.0,,,,,,2.0,12.0,32078.0,,6.0,12.0,1008.0,48.0,,48.0,30718.0,,4.0,,,,,,,,,,11.0,8.0,
2022-09-15,6.0,16.0,187.0,,,,,,1.0,22.0,31246.0,,,,147.0,48.0,,48.0,30876.0,,5.0,,,,,,,,,,24.0,6.0,
2022-09-16,4.0,1.0,70.0,,,,,,2.0,5.0,31030.0,,,7.0,78.0,48.0,,48.0,30848.0,,2.0,,,,,,,,,,21.0,2.0,
2022-09-17,6.0,1.0,72.0,,,,,,1.0,7.0,30878.0,,,,6.0,48.0,,48.0,30777.0,,,,,,,,,,,,20.0,2.0,
2022-09-18,7.0,7.0,64.0,,,,,,,14.0,30934.0,,,,4.0,48.0,,48.0,30854.0,,,,,,,,,,,,10.0,2.0,
2022-09-19,5.0,1.0,99.0,,,,,,2.0,6.0,30996.0,,,,33.0,47.0,,47.0,30844.0,,,,,,,,,,,,18.0,,
2022-09-20,8.0,3.0,83.0,1.0,,,,,,11.0,30944.0,,,,58.0,49.0,,49.0,30772.0,,3.0,,,,,,,,,,22.0,5.0,
2022-09-21,16.0,14.0,68.0,1.0,,,,,,30.0,31296.0,,,252.0,325.0,48.0,,48.0,30624.0,,1.0,,,,,,,,,,21.0,4.0,
2022-09-22,49.0,9.0,193.0,1.0,,,,7.0,2.0,58.0,32803.0,,,981.0,1102.0,47.0,,47.0,30488.0,,2.0,,,,,,,,,,24.0,3.0,
2022-09-23,13.0,4.0,100.0,2.0,,,1.0,,1.0,17.0,30831.0,,,,91.0,49.0,,49.0,30617.0,,,,,,,,,,,,14.0,5.0,
2022-09-24,9.0,2.0,62.0,,,,,,2.0,11.0,30962.0,,,,45.0,48.0,,48.0,30835.0,,,,,,,,,,,,16.0,2.0,
2022-09-25,5.0,1.0,48.0,,,,,,,6.0,30841.0,,,14.0,70.0,48.0,,48.0,30694.0,,,,,,,,,,,,14.0,1.0,
2022-09-26,6.0,15.0,58.0,,,,,,,21.0,30923.0,,,2.0,78.0,47.0,,47.0,30764.0,,6.0,,,,,,,,,,13.0,2.0,
2022-09-27,7.0,7.0,218.0,,,,,6.0,,14.0,31221.0,,,,192.0,49.0,,49.0,30781.0,,,,,,,,,,,,22.0,2.0,
2022-09-28,9.0,2.0,96.0,1.0,,,,,,11.0,30967.0,,,2.0,16.0,48.0,,48.0,30828.0,,,,,,,,,,,,11.0,13.0,
2022-09-29,8.0,3.0,120.0,,,,,,,11.0,30513.0,,,2.0,48.0,48.0,,48.0,30314.0,,,,,,,,,,,,25.0,4.0,
2022-09-30,7.0,8.0,63.0,,,,,,1.0,15.0,30876.0,,,,9.0,48.0,,48.0,30780.0,,1.0,,,,,,,,,,21.0,1.0,
2022-10-01,7.0,3.0,47.0,,,,,,,10.0,30809.0,,,,2.0,48.0,,48.0,30745.0,,,,,,,,,,,,14.0,1.0,
2022-10-02,3.0,1.0,44.0,,,,,,1.0,4.0,30699.0,,,,2.0,48.0,,48.0,30639.0,,,,,,,,,,,,12.0,1.0,
2022-10-03,2.0,6.0,110.0,,,,,,1.0,8.0,30482.0,,,4.0,23.0,48.0,,48.0,30329.0,,1.0,,,,,,,,,,13.0,1.0,
2022-10-04,3.0,,65.0,,,,,,,3.0,30872.0,,,2.0,3.0,47.0,,47.0,30773.0,,,,,,,,,,,,20.0,9.0,
2022-10-05,5.0,1.0,149.0,,,,,,,6.0,30442.0,,,,13.0,49.0,,49.0,30249.0,,4.0,,,,,,,,,,22.0,5.0,
2022-10-06,8.0,13.0,212.0,,,,,,,21.0,298.0,,,,45.0,47.0,,47.0,,,3.0,,,,,,,,,,30.0,8.0,
2022-10-07,5.0,1.0,118.0,,,,,,,6.0,217.0,,,52.0,23.0,49.0,,49.0,,,2.0,,,,,,,,,,18.0,4.0,
2022-10-08,3.0,2.0,78.0,1.0,,,,,,5.0,104.0,,,2.0,5.0,48.0,,48.0,,,1.0,,,,,,,,,,17.0,,
2022-10-09,3.0,3.0,154.0,,,,,,1.0,6.0,208.0,,,,10.0,48.0,,48.0,,,15.0,,,,,,,,,,25.0,3.0,
2022-10-10,5.0,8.0,190.0,1.0,,,,,1.0,13.0,21088.0,,,,2.0,48.0,,48.0,20872.0,,,,,,,,,,,,15.0,7.0,
2022-10-11,,4.0,98.0,,,,,,,4.0,30976.0,,,,7.0,47.0,,47.0,30849.0,,,,,,,,,,,,16.0,6.0,
2022-10-12,5.0,2.0,55.0,,,,,,,7.0,30886.0,,,,1.0,48.0,,48.0,30810.0,,,,,,,,,,,,18.0,2.0,
2022-10-13,1.0,2.0,116.0,,,,,,,3.0,30976.0,,,,29.0,48.0,,48.0,30816.0,,,,,,,,,,,,10.0,5.0,
2022-10-14,5.0,4.0,73.0,,,,,,,9.0,30942.0,,,,,48.0,,48.0,30848.0,,,,,,,,,,,,17.0,4.0,
2022-10-15,2.0,,22.0,,,,,,,2.0,30910.0,,,,,48.0,,48.0,30872.0,,1.0,,,,,,,,,,13.0,2.0,
2022-10-16,4.0,1.0,60.0,,,,,,,5.0,30935.0,,,,,48.0,,48.0,30852.0,,,,,,,,,,,,22.0,1.0,
2022-10-17,3.0,3.0,56.0,,,,,,,6.0,30921.0,,,,,48.0,,48.0,30837.0,,1.0,,,,,,,,,,23.0,4.0,
2022-10-18,4.0,9.0,59.0,,,,,,2.0,13.0,31548.0,,,,25.0,47.0,,47.0,31441.0,,,,,,,,,,,,19.0,2.0,
2022-10-19,2.0,30.0,81.0,,,,,,,32.0,30963.0,,,,7.0,48.0,,48.0,30845.0,,1.0,,,,,,,,,,27.0,2.0,
2022-10-20,4.0,15.0,85.0,,,,,,,19.0,31052.0,,,,32.0,48.0,,48.0,30904.0,,,,,,,,,,,,23.0,8.0,
2022-10-21,1.0,11.0,48.0,,,,,,,12.0,31151.0,,,,155.0,48.0,,48.0,30938.0,,,,,,,,,,,,8.0,2.0,
2022-10-22,2.0,8.0,36.0,,,,,,,10.0,31006.0,,,,3.0,48.0,,48.0,30951.0,,,,,,,,,,,,14.0,2.0,
2022-10-23,5.0,5.0,81.0,,,,,,1.0,10.0,31056.0,,,,2.0,48.0,,48.0,30948.0,,,,,,,,,,,,21.0,3.0,
2022-10-24,2.0,2.0,79.0,,,,,,,4.0,31747.0,,,,713.0,48.0,,48.0,30934.0,,1.0,,,,,,,,,,16.0,4.0,
2022-10-25,4.0,5.0,64096.0,,,,,,,9.0,96666.0,,,,1619.0,48.0,,48.0,30918.0,,2.0,,,,,,,,,,28.0,3.0,
2022-10-26,4.0,1.0,73.0,,,,,,,5.0,30959.0,,,,11.0,48.0,,48.0,30849.0,,1.0,,,,,,,,,,20.0,5.0,
2022-10-27,8.0,3.0,117.0,,,,,1.0,2.0,11.0,31052.0,,,,25.0,48.0,,48.0,30875.0,,6.0,,,,,,,,,,23.0,3.0,
2022-10-28,3.0,3.0,249.0,,,,,,,6.0,31117.0,,,,5.0,48.0,,48.0,30847.0,,,,,,,,,,,,14.0,2.0,
2022-10-29,4.0,2.0,58.0,,,,,,,6.0,30944.0,,,,9.0,48.0,,48.0,30851.0,,,,,,,,,,,,25.0,1.0,
2022-10-30,2.0,4.0,155.0,,,,,,1.0,6.0,6639.0,,,,2.0,48.0,,48.0,6462.0,,,,,,,,,,,,14.0,5.0,
2022-10-31,6.0,3.0,129.0,,,,,,2.0,9.0,13122.0,,,,7.0,48.0,,48.0,12965.0,,,,,,,,,,,,15.0,4.0,
2022-11-01,,6.0,49.0,,,,,,1.0,6.0,30913.0,,,,1.0,47.0,,47.0,30846.0,,,,,,,,,,,,14.0,2.0,
2022-11-02,2.0,3.0,36.0,,,,1.0,,1.0,5.0,30908.0,,,,1.0,48.0,,48.0,30856.0,,1.0,,,,,,,,,,9.0,3.0,
2022-11-03,3.0,10.0,133.0,,,,,,,13.0,31046.0,,,6.0,24.0,48.0,,48.0,30846.0,,,,,,,,,,,,30.0,7.0,
2022-11-04,5.0,4.0,160.0,,,,,,1.0,9.0,31039.0,,,,20.0,48.0,,48.0,30826.0,,8.0,,,,,,,,,,17.0,7.0,
2022-11-05,4.0,1.0,41.0,,,,,,3.0,5.0,30889.0,,,2.0,4.0,48.0,,48.0,30830.0,,,,,,,,,,,,8.0,1.0,
2022-11-06,6.0,4.0,185.0,,,,,,,10.0,31073.0,,,,7.0,48.0,,48.0,30849.0,,8.0,,,,,,,,,,22.0,2.0,
2022-11-07,8.0,6.0,59.0,,,,,8.0,1.0,14.0,30946.0,,,,6.0,48.0,,48.0,30851.0,,,,,,,,,,,,20.0,1.0,
2022-11-08,3.0,3.0,93.0,,,,,,1.0,6.0,6869.0,,3.0,150.0,121.0,48.0,,48.0,6472.0,,2.0,,,,,,,,,,24.0,3.0,
2022-11-09,6.0,5.0,141.0,,,,,,1.0,11.0,180.0,1.0,1.0,1.0,4.0,48.0,,48.0,,,1.0,,,,,,,,,,24.0,6.0,
2022-11-10,5.0,2.0,217.0,,,,,,,7.0,247.0,,,,8.0,48.0,,48.0,1.0,,,,,,,,,,,,17.0,4.0,
2022-11-11,3.0,5.0,94.0,,,,,,,8.0,2792.0,,,,13.0,48.0,,48.0,2656.0,,,,,,,,,,,,21.0,8.0,
2022-11-12,5.0,2.0,76.0,,,,,,,7.0,30958.0,,,,4.0,47.0,,47.0,30858.0,,4.0,,,,,,,,,,14.0,2.0,
2022-11-13,2.0,7.0,120.0,,,,,,1.0,9.0,30988.0,,,2.0,1.0,47.0,,47.0,30831.0,,,,,,,,,,,,23.0,10.0,
2022-11-14,6.0,14.0,72.0,,,,,,,20.0,30992.0,,,,2.0,47.0,,47.0,30888.0,,4.0,,,,,,,,,,23.0,3.0,
2022-11-15,6.0,6.0,80.0,,,,,,,12.0,30988.0,,,,22.0,48.0,,48.0,30851.0,,,,,,,,,,,,30.0,5.0,
2022-11-16,9.0,7.0,61.0,,,,,,1.0,16.0,30878.0,,,,13.0,45.0,,45.0,30787.0,,,,,,,,,,,,12.0,4.0,
2022-11-17,6.0,18.0,106.0,,,,,,,24.0,31156.0,,,6.0,165.0,46.0,,46.0,30846.0,,1.0,,,,,,,,,,31.0,1.0,
2022-11-18,4.0,26.0,85.0,,,,,,1.0,30.0,30961.0,,,,71.0,48.0,,48.0,30780.0,,,,,,,,,,,,20.0,4.0,
2022-11-19,2.0,11.0,66.0,,,,,,1.0,13.0,30958.0,,,,7.0,48.0,,48.0,30870.0,,,,,,,,,,,,12.0,2.0,
2022-11-20,6.0,11.0,81.0,,,,,,,17.0,30958.0,,,,26.0,48.0,,48.0,30832.0,,,,,,,,,,,,18.0,1.0,
2022-11-21,5.0,3.0,67.0,,,,,,,8.0,30995.0,,,,1.0,47.0,,47.0,30913.0,,2.0,,,,,,,,,,8.0,4.0,
2022-11-22,5.0,19.0,57.0,,,,,,1.0,24.0,31036.0,,,9.0,5.0,48.0,,48.0,30942.0,,3.0,,,,,,,,,,19.0,,
2022-11-23,2.0,15.0,117.0,,,,,1.0,,17.0,31116.0,,1.0,1.0,9.0,45.0,,46.0,30949.0,,,,,,,,1.0,,,,33.0,5.0,
2022-11-24,2.0,17.0,89.0,,,,,,,19.0,31068.0,,,,7.0,48.0,,48.0,30939.0,,1.0,,,,,,,,,,24.0,8.0,
2022-11-25,,17.0,42.0,,,,,,1.0,17.0,30995.0,,,3.0,2.0,48.0,,48.0,30922.0,,2.0,,,,,,,,,,20.0,3.0,
2022-11-26,3.0,8.0,56.0,,,,,,,11.0,30962.0,,,,11.0,48.0,,48.0,30875.0,,,,,,,,,,,,18.0,2.0,
2022-11-27,3.0,7.0,78.0,,,,,,,10.0,30956.0,,,,18.0,48.0,,48.0,30843.0,,,,,,,,,,,,16.0,1.0,
2022-11-28,3.0,13.0,70.0,,,,,,1.0,16.0,30923.0,,,1.0,36.0,48.0,,48.0,30806.0,,,,,,,,,,,,9.0,,
2022-11-29,3.0,10.0,62.0,,,,,,1.0,13.0,30948.0,,,,15.0,48.0,,48.0,30851.0,,1.0,,,,,,,,,,18.0,,
2022-11-30,3.0,9.0,86.0,1.0,,,,,,12.0,30976.0,,,2.0,11.0,48.0,,48.0,30851.0,,6.0,,,,,,,,,,17.0,2.0,
2022-12-01,6.0,10.0,163.0,,,,,,,16.0,31076.0,,,,46.0,48.0,,48.0,30841.0,,2.0,,,,,,,,,,17.0,7.0,
2022-12-02,6.0,18.0,116.0,,,,,,,24.0,30985.0,,,,2.0,48.0,,48.0,30843.0,,3.0,,,,,,,,,,14.0,7.0,
2022-12-03,,7.0,160.0,,,,,,,7.0,23879.0,,,,20.0,48.0,,48.0,23682.0,,,,,,,,,,,,13.0,4.0,
2022-12-04,6.0,8.0,178.0,,,,,,2.0,14.0,245.0,,,,41.0,48.0,,48.0,,,1.0,,,,,,,,,,21.0,2.0,
2022-12-05,12.0,8.0,131.0,,,,,,,20.0,203.0,,1.0,1.0,26.0,48.0,,48.0,1.0,,6.0,,,,,,,,,,33.0,4.0,
2022-12-06,10.0,14.0,247.0,,,,,,,24.0,12765.0,,,,114.0,47.0,,47.0,12365.0,,1.0,,,,,,,,,,32.0,6.0,
2022-12-07,4.0,10.0,103.0,,,,,,,14.0,31013.0,1.0,2.0,2.0,40.0,48.0,,49.0,30844.0,1.0,,,,,,,,,,,17.0,2.0,2.0
2022-12-08,1.0,13.0,144.0,,,,,,1.0,14.0,31044.0,,,,14.0,48.0,,48.0,30854.0,,,,,,,,,,,,26.0,5.0,
2022-12-09,2.0,14.0,66.0,,,,,,1.0,16.0,31584.0,,,,715.0,48.0,,48.0,30788.0,,,,,,,,,,,,14.0,,
2022-12-10,2.0,8.0,77.0,,,,,,1.0,10.0,31064.0,,,,122.0,48.0,,48.0,30845.0,,,,,,,,,,,,17.0,2.0,
2022-12-11,2.0,13.0,154.0,,,,,,,15.0,31074.0,,,,50.0,48.0,,48.0,30852.0,,,,,,,,,,,,15.0,3.0,
2022-12-12,,11.0,82.0,,,,,,,11.0,30956.0,,,,11.0,48.0,,48.0,30849.0,,,,,,,,,,,,14.0,,
2022-12-13,2.0,18.0,73.0,,,,,,,20.0,30939.0,,,,13.0,48.0,,48.0,30834.0,,,,,,,,,,,,18.0,1.0,
2022-12-14,4.0,9.0,53.0,1.0,,,,,,13.0,30954.0,,,,27.0,48.0,,48.0,30858.0,,,,,,,,,,,,15.0,,
2022-12-15,3.0,7.0,193.0,,,,,,1.0,10.0,31107.0,,,,10.0,48.0,,48.0,30864.0,,1.0,,,,,,,,,,31.0,7.0,
2022-12-16,4.0,15.0,81.0,,,,,,,19.0,31015.0,,,,64.0,48.0,,48.0,30843.0,,,,,,,,,,,,22.0,5.0,
2022-12-17,1.0,4.0,38.0,,,,,,1.0,5.0,30842.0,,,,,48.0,,48.0,30783.0,,1.0,,,,,,,,,,17.0,2.0,
2022-12-18,3.0,6.0,39.0,,,,,,,9.0,30969.0,,,,2.0,48.0,,48.0,30915.0,,,,,,,,,,,,11.0,2.0,
2022-12-19,2.0,9.0,36.0,,,,,,,11.0,30911.0,,1.0,1.0,5.0,48.0,,48.0,30848.0,,,,,,,,,,,,16.0,4.0,
2022-12-20,2.0,3.0,44.0,,,,,,,5.0,7748.0,,,,46.0,48.0,,48.0,7646.0,,,,,,,,,,,,10.0,2.0,
2022-12-21,1.0,1.0,62.0,,,,,,1.0,2.0,87.0,,,,12.0,48.0,,48.0,,,,,,,,,,,,,10.0,2.0,
2022-12-22,6.0,6.0,83.0,,,,,,,12.0,18594.0,,,,16.0,48.0,,48.0,18480.0,,,,,,,,,,,,12.0,3.0,
2022-12-23,1.0,2.0,44.0,,,,,,,3.0,31034.0,,,,27.0,48.0,,48.0,30937.0,,1.0,,,,,,,,,,23.0,2.0,
2022-12-24,1.0,5.0,44.0,,,,,,,6.0,31027.0,,,,11.0,48.0,,48.0,30946.0,,,,,,,,,,,,26.0,,
2022-12-25,,8.0,19.0,,,,,,,8.0,30942.0,,,,5.0,48.0,,48.0,30910.0,,,,,,,,,,,,7.0,1.0,
2022-12-26,4.0,5.0,34.0,,,,,,1.0,9.0,30918.0,,,,23.0,48.0,,48.0,30849.0,,,,,,,,,,,,10.0,1.0,
2022-12-27,13.0,6.0,112.0,,,,,,,19.0,30924.0,1.0,,,2.0,48.0,,48.0,30777.0,,,,,,,,,,,,29.0,3.0,
2022-12-28,,4.0,67.0,,,,,,3.0,4.0,31608.0,,,,651.0,48.0,,48.0,30868.0,,1.0,,,,,,,,,,15.0,3.0,
2022-12-29,1.0,3.0,107.0,,,,,,,4.0,31058.0,,,,68.0,48.0,,48.0,30850.0,,1.0,,,,,,,,,,23.0,9.0,
2022-12-30,1.0,4.0,74.0,,,,,,,5.0,30948.0,,,,14.0,48.0,,48.0,30838.0,,,,,,,,,,,,19.0,3.0,
2022-12-31,,1.0,78.0,,,,,,,1.0,30924.0,,,,1.0,48.0,,48.0,30827.0,,1.0,,,,,,,,,,14.0,3.0,
2023-01-01,3.0,6.0,40.0,,,,,,,9.0,30882.0,,,,,48.0,,48.0,30833.0,,,,,,,,,,,,9.0,,
2023-01-02,2.0,3.0,63.0,,,,,,,5.0,30950.0,,,,20.0,48.0,,48.0,30848.0,,,,,,,,,,,,17.0,2.0,
